<?xml version="1.0" encoding="UTF-8"?>
<build-type xmlns:xsi="http://www.w3.org/2001/XMLSchema-instance" uuid="7aa3d631-56f0-4a09-b3b6-7ad3fbe3ff94" xsi:noNamespaceSchemaLocation="http://www.jetbrains.com/teamcity/schemas/9.0/project-config.xsd">
  <name>Production Server Checker</name>
  <description />
  <settings>
    <parameters>
      <param name="env.PROD_CHECK_ENABLED" value="1" />
    </parameters>
    <build-runners>
      <runner id="RUNNER_3" name="npm install" type="simpleRunner">
        <parameters>
          <param name="script.content" value="npm install" />
          <param name="teamcity.build.workingDir" value="hpsn-monitoring" />
          <param name="teamcity.step.mode" value="default" />
          <param name="use.custom.script" value="true" />
        </parameters>
      </runner>
      <runner id="RUNNER_4" name="npm test" type="simpleRunner">
        <parameters>
          <param name="script.content" value="npm run-script TEAMCITY_REPORTER_test" />
          <param name="teamcity.build.workingDir" value="hpsn-monitoring" />
          <param name="teamcity.step.mode" value="default" />
          <param name="use.custom.script" value="true" />
        </parameters>
      </runner>
    </build-runners>
    <vcs-settings>
      <vcs-entry-ref root-id="HpsnMonitoring_GithubUbeChef" />
    </vcs-settings>
    <requirements />
    <build-triggers />
    <cleanup />
  </settings>
</build-type>

