<?xml version="1.0" encoding="UTF-8"?>
<build-type xmlns:xsi="http://www.w3.org/2001/XMLSchema-instance" uuid="aad286fd-e704-45e3-bdd9-2a2559daec9b" xsi:noNamespaceSchemaLocation="http://www.jetbrains.com/teamcity/schemas/9.0/project-config.xsd">
  <name>Staging Server Checker</name>
  <description />
  <settings>
    <parameters>
      <param name="env.STAG_CHECK_ENABLED" value="1" />
    </parameters>
    <build-runners>
      <runner id="RUNNER_1" name="npm install" type="simpleRunner">
        <parameters>
          <param name="script.content" value="npm install" />
          <param name="teamcity.build.workingDir" value="hpsn-monitoring" />
          <param name="teamcity.step.mode" value="default" />
          <param name="use.custom.script" value="true" />
        </parameters>
      </runner>
      <runner id="RUNNER_2" name="npm test" type="simpleRunner">
        <parameters>
          <param name="script.content" value="npm run-script TEAMCITY_REPORTER_test" />
          <param name="teamcity.build.workingDir" value="hpsn-monitoring" />
          <param name="teamcity.step.mode" value="default" />
          <param name="use.custom.script" value="true" />
        </parameters>
      </runner>
    </build-runners>
    <vcs-settings>
      <vcs-entry-ref root-id="HpsnMonitoring_GithubUbeChef" />
    </vcs-settings>
    <requirements />
    <build-triggers>
      <build-trigger id="TRIGGER_1" type="schedulingTrigger">
        <parameters>
          <param name="cronExpression_dm" value="*" />
          <param name="cronExpression_dw" value="?" />
          <param name="cronExpression_hour" value="*" />
          <param name="cronExpression_min" value="30" />
          <param name="cronExpression_month" value="*" />
          <param name="cronExpression_sec" value="0" />
          <param name="cronExpression_year" value="*" />
          <param name="dayOfWeek" value="Sunday" />
          <param name="hour" value="12" />
          <param name="minute" value="0" />
          <param name="promoteWatchedBuild" value="true" />
          <param name="revisionRule" value="lastFinished" />
          <param name="revisionRuleBuildBranch" value="&lt;default&gt;" />
          <param name="schedulingPolicy" value="cron" />
          <param name="timezone" value="SERVER" />
        </parameters>
      </build-trigger>
    </build-triggers>
    <cleanup />
  </settings>
</build-type>

